MovieName,Runtime (in minutes)
Imagine Me & You,93
Won't You Be My Neighbor?,95
Dating Amber,92
Hannah Gadsby: Nanette,69
Just Friends,96
Spider-Man: No Way Home,148
Spider-Man: No Way Home,148
The Conversation,113
एक मैं और एक तू,110
കാണെക്കാണെ,120
Haywire,93
Seth Rogen Is the Worst Person in the World,4
The Novice,94
The Amazing Spider-Man 2,142
മിന്നൽ മുരളി,158
Don't Look Up,138
Aankhen,165
Hacksaw Ridge,139
अतरंगी रे,138
The Lost Daughter,122
Uncle Frank,95
Professor Marston and the Wonder Women,108
A Simple Favor,117
Virus :32,90
Can You Keep a Secret?,94
Drinking Buddies,90
About a Boy,101
The Tender Bar,104
The Fallout,96
