Date,Name,Year,Letterboxd URI
2022-01-08,Megamind,2010,https://boxd.it/16Sk
2022-01-08,Skyfall,2012,https://boxd.it/17Fc
2022-01-08,(500) Days of Summer,2009,https://boxd.it/1EmM
2022-01-08,G.I. Joe: The Rise of Cobra,2009,https://boxd.it/1Ndu
2022-01-08,Up,2009,https://boxd.it/1OEc
2022-01-08,Fast & Furious,2009,https://boxd.it/1Pnm
2022-01-08,Slumdog Millionaire,2008,https://boxd.it/1S3E
2022-01-08,Alice in Wonderland,2010,https://boxd.it/1Spq
2022-01-08,Zack and Miri Make a Porno,2008,https://boxd.it/1WsI
2022-01-08,Transformers: Revenge of the Fallen,2009,https://boxd.it/20gG
2022-01-08,Ice Age: Dawn of the Dinosaurs,2009,https://boxd.it/20iC
2022-01-08,Planet Terror,2007,https://boxd.it/27Gw
2022-01-08,Death Proof,2007,https://boxd.it/27GG
2022-01-08,Reservoir Dogs,1992,https://boxd.it/2agc
2022-01-08,Jurassic Park,1993,https://boxd.it/2aA2
2022-01-08,Terminator 2: Judgment Day,1991,https://boxd.it/2aGY
2022-01-08,The Silence of the Lambs,1991,https://boxd.it/2aHW
2022-01-08,Three Colors: Blue,1993,https://boxd.it/2b7K
2022-01-08,Boyhood,2014,https://boxd.it/3178
2022-01-08,Goosebumps,2015,https://boxd.it/7Bp6
2022-01-08,The Invisible Man,2020,https://boxd.it/kWlA
2022-01-08,Game of Thrones: The Last Watch,2019,https://boxd.it/lLBO
2022-01-08,Kevin Hart: Irresponsible,2019,https://boxd.it/lO3K
2022-01-08,Ramy Youssef: Feelings,2019,https://boxd.it/mDic
2022-01-08,Dave Chappelle: Sticks & Stones,2019,https://boxd.it/n8fy
2022-01-08,Forrest Gump,1994,https://boxd.it/728
2022-01-08,Jennifer's Body,2009,https://boxd.it/1Efw
2022-01-08,The Final Destination,2009,https://boxd.it/1EmW
2022-01-08,The Hangover,2009,https://boxd.it/1GjK
2022-01-08,District 9,2009,https://boxd.it/1Iik
2022-01-08,Anaconda 3: Offspring,2008,https://boxd.it/1Nei
2022-01-08,Shutter Island,2010,https://boxd.it/1U82
2022-01-08,Baby's Day Out,1994,https://boxd.it/1Ume
2022-01-08,Bad Boys,1995,https://boxd.it/1XVG
2022-01-08,Ghost in the Shell,1995,https://boxd.it/1YYc
2022-01-08,Jumanji,1995,https://boxd.it/1ZLI
2022-01-08,The Lion King,1994,https://boxd.it/201Q
2022-01-08,The Mask,1994,https://boxd.it/29rS
2022-01-08,Se7en,1995,https://boxd.it/29zs
2022-01-08,Pulp Fiction,1994,https://boxd.it/29Pq
2022-01-08,The Shawshank Redemption,1994,https://boxd.it/2aHi
2022-01-08,Natural Born Killers,1994,https://boxd.it/2aNg
2022-01-08,Before Sunrise,1995,https://boxd.it/2bcU
2022-01-08,Seventh Son,2014,https://boxd.it/2czq
2022-01-08,Justice League Dark: Apokolips War,2020,https://boxd.it/mSeO
2022-01-08,Spider-Man: No Way Home,2021,https://boxd.it/nwRw
2022-01-08,Demon Slayer – Kimetsu no Yaiba – The Movie: Mugen Train,2020,https://boxd.it/nyLU
2022-01-08,Daniel Sloss: X,2019,https://boxd.it/nEGQ
2022-01-08,Iliza Shlesinger: Unveiled,2019,https://boxd.it/nRvw
2022-01-08,The Social Dilemma,2020,https://boxd.it/opQI
2022-01-08,The Hobbit: The Desolation of Smaug,2013,https://boxd.it/nmS
2022-01-08,The Karate Kid,2010,https://boxd.it/15HA
2022-01-08,The Truman Show,1998,https://boxd.it/18U8
2022-01-08,Blade,1998,https://boxd.it/1a8A
2022-01-08,An Education,2009,https://boxd.it/1xcg
2022-01-08,Ninja Assassin,2009,https://boxd.it/1zZ0
2022-01-08,Zombieland,2009,https://boxd.it/1En6
2022-01-08,Anacondas: Trail of Blood,2009,https://boxd.it/1EXy
2022-01-08,Harry Potter and the Deathly Hallows: Part 2,2011,https://boxd.it/1RYk
2022-01-08,Hercules,1997,https://boxd.it/1SDW
2022-01-08,George of the Jungle,1997,https://boxd.it/1VQO
2022-01-08,The Lion King II: Simba's Pride,1998,https://boxd.it/1XWu
2022-01-08,Anaconda,1997,https://boxd.it/1YSy
2022-01-08,Scream,1996,https://boxd.it/24EC
2022-01-08,The Game,1997,https://boxd.it/26vC
2022-01-08,Toy Story 2,1999,https://boxd.it/29qq
2022-01-08,Toy Story,1995,https://boxd.it/29qA
2022-01-08,Men in Black,1997,https://boxd.it/2a0I
2022-01-08,Titanic,1997,https://boxd.it/2a2k
2022-01-08,The Mummy,1999,https://boxd.it/2a7a
2022-01-08,Good Will Hunting,1997,https://boxd.it/2ahY
2022-01-08,The Lost World: Jurassic Park,1997,https://boxd.it/2azS
2022-01-08,Jackie Brown,1997,https://boxd.it/2aVO
2022-01-08,Princess Mononoke,1997,https://boxd.it/2b4w
2022-01-08,The Big Lebowski,1998,https://boxd.it/2b6C
2022-01-08,21 Jump Street,2012,https://boxd.it/J0
2022-01-08,Mission: Impossible - Ghost Protocol,2011,https://boxd.it/psI
2022-01-08,300: Rise of an Empire,2014,https://boxd.it/xaC
2022-01-08,X-Men,2000,https://boxd.it/1a7s
2022-01-08,Resident Evil: Afterlife,2010,https://boxd.it/1bVo
2022-01-08,Kick-Ass,2010,https://boxd.it/1zaQ
2022-01-08,The Cabin in the Woods,2011,https://boxd.it/1zOc
2022-01-08,Iron Man 2,2010,https://boxd.it/1WZM
2022-01-08,The Kid,1921,https://boxd.it/1X5U
2022-01-08,Star Wars: Episode III - Revenge of the Sith,2005,https://boxd.it/27US
2022-01-08,Star Wars: Episode II - Attack of the Clones,2002,https://boxd.it/27V2
2022-01-08,Star Wars: Episode I - The Phantom Menace,1999,https://boxd.it/27Vc
2022-01-08,Resident Evil,2002,https://boxd.it/28z2
2022-01-08,Saving Private Ryan,1998,https://boxd.it/29ro
2022-01-08,Men in Black II,2002,https://boxd.it/2a0y
2022-01-08,The Green Mile,1999,https://boxd.it/2agG
2022-01-08,The Lord of the Rings: The Fellowship of the Ring,2001,https://boxd.it/2b5O
2022-01-08,"Lock, Stock and Two Smoking Barrels",1998,https://boxd.it/2b92
2022-01-08,The World's End,2013,https://boxd.it/3EiO
2022-01-08,This Is the End,2013,https://boxd.it/3GB4
2022-01-08,Hercules,2014,https://boxd.it/5B7s
2022-01-08,Doctor Strange,2016,https://boxd.it/8MH8
2022-01-08,Ghost in the Shell,2017,https://boxd.it/abTA
2022-01-08,Venom,2018,https://boxd.it/b8wA
2022-01-08,Malcolm & Marie,2021,https://boxd.it/r5cO
2022-01-08,The Great Gatsby,2013,https://boxd.it/JY
2022-01-08,Looper,2012,https://boxd.it/ham
2022-01-08,X-Men: First Class,2011,https://boxd.it/FOA
2022-01-08,Kung Fu Panda 2,2011,https://boxd.it/G36
2022-01-08,The Dark Knight Rises,2012,https://boxd.it/H3m
2022-01-08,xXx: Return of Xander Cage,2017,https://boxd.it/JqC
2022-01-08,The Social Network,2010,https://boxd.it/17ue
2022-01-08,Easy A,2010,https://boxd.it/17DK
2022-01-08,The Other Guys,2010,https://boxd.it/1rtq
2022-01-08,Inception,2010,https://boxd.it/1skk
2022-01-08,The Spy Next Door,2010,https://boxd.it/1zyo
2022-01-08,Despicable Me,2010,https://boxd.it/1DD8
2022-01-08,Pirates of the Caribbean: On Stranger Tides,2011,https://boxd.it/27Z4
2022-01-08,The Matrix,1999,https://boxd.it/2a1m
2022-01-08,Fight Club,1999,https://boxd.it/2a9q
2022-01-08,Iron Man 3,2013,https://boxd.it/2cBQ
2022-01-08,Journey 2: The Mysterious Island,2012,https://boxd.it/2o8m
2022-01-08,The Hunger Games,2012,https://boxd.it/2uds
2022-01-08,Mad Max: Fury Road,2015,https://boxd.it/2DjO
2022-01-08,Taken 2,2012,https://boxd.it/2TWi
2022-01-08,Prisoners,2013,https://boxd.it/4E5i
2022-01-08,Suicide Squad,2016,https://boxd.it/9row
2022-01-08,Tomb Raider,2018,https://boxd.it/bgbA
2022-01-08,It,2017,https://boxd.it/bC8e
2022-01-08,The Irishman,2019,https://boxd.it/dYOq
2022-01-08,The Girl with the Dragon Tattoo,2011,https://boxd.it/2Pa
2022-01-08,Hansel & Gretel: Witch Hunters,2013,https://boxd.it/gmw
2022-01-08,Sherlock Holmes: A Game of Shadows,2011,https://boxd.it/k3S
2022-01-08,Bridesmaids,2011,https://boxd.it/rac
2022-01-08,Underworld: Awakening,2012,https://boxd.it/yMs
2022-01-08,Gravity,2013,https://boxd.it/GZY
2022-01-08,The Hangover Part II,2011,https://boxd.it/PZI
2022-01-08,Men in Black 3,2012,https://boxd.it/103U
2022-01-08,Bad Boys for Life,2020,https://boxd.it/15pc
2022-01-08,Transformers: Dark of the Moon,2011,https://boxd.it/16aC
2022-01-08,Deep Blue Sea,1999,https://boxd.it/1ZBo
2022-01-08,10 Things I Hate About You,1999,https://boxd.it/23AO
2022-01-08,American Psycho,2000,https://boxd.it/28Vs
2022-01-08,Spider-Man,2002,https://boxd.it/2a8i
2022-01-08,The Wolverine,2013,https://boxd.it/2CWU
2022-01-08,Rise of the Guardians,2012,https://boxd.it/2PXw
2022-01-08,Chinese Zodiac,2012,https://boxd.it/3oAi
2022-01-08,The Conjuring,2013,https://boxd.it/4sr2
2022-01-08,Deadpool,2016,https://boxd.it/9fOC
2022-01-08,Aquaman,2018,https://boxd.it/9ru0
2022-01-08,Central Intelligence,2016,https://boxd.it/9DFE
2022-01-08,The Greatest Showman,2017,https://boxd.it/acjI
2022-01-08,Zombieland: Double Tap,2019,https://boxd.it/bgb6
2022-01-08,Triple Frontier,2019,https://boxd.it/dZUO
2022-01-08,Booksmart,2019,https://boxd.it/igNS
2022-01-08,Colombiana,2011,https://boxd.it/alW
2022-01-08,Kick-Ass 2,2013,https://boxd.it/hqu
2022-01-08,Wrath of the Titans,2012,https://boxd.it/nlU
2022-01-08,Final Destination 5,2011,https://boxd.it/r1k
2022-01-08,Fast Five,2011,https://boxd.it/BgO
2022-01-08,Insidious,2010,https://boxd.it/H4k
2022-01-08,Independence Day: Resurgence,2016,https://boxd.it/JwK
2022-01-08,Ong Bak 3,2010,https://boxd.it/V44
2022-01-08,Batman: Under the Red Hood,2010,https://boxd.it/11eE
2022-01-08,The Gold Rush,1925,https://boxd.it/29ce
2022-01-08,Jurassic Park III,2001,https://boxd.it/2azI
2022-01-08,Oz the Great and Powerful,2013,https://boxd.it/2cAI
2022-01-08,Pacific Rim,2013,https://boxd.it/2cB2
2022-01-08,G.I. Joe: Retaliation,2013,https://boxd.it/2o6A
2022-01-08,Abraham Lincoln: Vampire Hunter,2012,https://boxd.it/2oG4
2022-01-08,The Perks of Being a Wallflower,2012,https://boxd.it/2ZA8
2022-01-08,Maleficent,2014,https://boxd.it/3v1u
2022-01-08,The Man from U.N.C.L.E.,2015,https://boxd.it/67lG
2022-01-08,The Last Witch Hunter,2015,https://boxd.it/8lBW
2022-01-08,The Revenant,2015,https://boxd.it/8H5e
2022-01-08,The Big Short,2015,https://boxd.it/ajZw
2022-01-08,Bloodshot,2020,https://boxd.it/bfG8
2022-01-08,The Dark Tower,2017,https://boxd.it/bU66
2022-01-08,Mortal Engines,2018,https://boxd.it/fahg
2022-01-08,Murder Mystery,2019,https://boxd.it/iEBm
2022-01-08,American Beauty,1999,https://boxd.it/71Y
2022-01-08,Mirror Mirror,2012,https://boxd.it/awA
2022-01-08,Snow White and the Huntsman,2012,https://boxd.it/k1M
2022-01-08,Ice Age: Continental Drift,2012,https://boxd.it/lQ2
2022-01-08,Neon Genesis Evangelion: The End of Evangelion,1997,https://boxd.it/1GRM
2022-01-08,Bad Boys II,2003,https://boxd.it/1ZuW
2022-01-08,Requiem for a Dream,2000,https://boxd.it/29VI
2022-01-08,Minority Report,2002,https://boxd.it/2aWi
2022-01-08,The Lord of the Rings: The Return of the King,2003,https://boxd.it/2b5u
2022-01-08,The Lord of the Rings: The Two Towers,2002,https://boxd.it/2b5E
2022-01-08,Django Unchained,2012,https://boxd.it/2cCk
2022-01-08,Now You See Me,2013,https://boxd.it/2Bsu
2022-01-08,Percy Jackson: Sea of Monsters,2013,https://boxd.it/2D8m
2022-01-08,Despicable Me 2,2013,https://boxd.it/3gg0
2022-01-08,Captain America: The Winter Soldier,2014,https://boxd.it/3r58
2022-01-08,Snowpiercer,2013,https://boxd.it/3Icg
2022-01-08,We're the Millers,2013,https://boxd.it/4srQ
2022-01-08,Her,2013,https://boxd.it/4O24
2022-01-08,Divergent,2014,https://boxd.it/4VT0
2022-01-08,Pirates of the Caribbean: Dead Men Tell No Tales,2017,https://boxd.it/5a9m
2022-01-08,The Maze Runner,2014,https://boxd.it/5YPM
2022-01-08,Black Panther,2018,https://boxd.it/8MHs
2022-01-08,Ready Player One,2018,https://boxd.it/aZes
2022-01-08,Office Christmas Party,2016,https://boxd.it/dpj8
2022-01-08,Bohemian Rhapsody,2018,https://boxd.it/f1TK
2022-01-08,The Circus,1928,https://boxd.it/1orm
2022-01-08,Final Destination,2000,https://boxd.it/1YrC
2022-01-08,Snatch,2000,https://boxd.it/2b7U
2022-01-08,Resident Evil: Retribution,2012,https://boxd.it/2qmK
2022-01-08,Thor: The Dark World,2013,https://boxd.it/2DqA
2022-01-08,Pompeii,2014,https://boxd.it/2E8W
2022-01-08,Fast & Furious 6,2013,https://boxd.it/2UG6
2022-01-08,Noah,2014,https://boxd.it/34QA
2022-01-08,The Raid,2011,https://boxd.it/3hBy
2022-01-08,The Hunger Games: Catching Fire,2013,https://boxd.it/3sAw
2022-01-08,The Amazing Spider-Man 2,2014,https://boxd.it/3utM
2022-01-08,Cloudy with a Chance of Meatballs 2,2013,https://boxd.it/3GMw
2022-01-08,The Hangover Part III,2013,https://boxd.it/3GNY
2022-01-08,Guardians of the Galaxy,2014,https://boxd.it/3VH2
2022-01-08,X-Men: Days of Future Past,2014,https://boxd.it/4aRw
2022-01-08,The Hunger Games: Mockingjay - Part 2,2015,https://boxd.it/4hk0
2022-01-08,The Hunger Games: Mockingjay - Part 1,2014,https://boxd.it/4hka
2022-01-08,The Angry Birds Movie,2016,https://boxd.it/4PBu
2022-01-08,Neighbors,2014,https://boxd.it/5Txe
2022-01-08,The Imitation Game,2014,https://boxd.it/6aig
2022-01-08,King Arthur: Legend of the Sword,2017,https://boxd.it/8lDS
2022-01-08,Toy Story 4,2019,https://boxd.it/9ALu
2022-01-08,The Great Wall,2016,https://boxd.it/a04c
2022-01-08,Blade Runner 2049,2017,https://boxd.it/b8wK
2022-01-08,Ford v Ferrari,2019,https://boxd.it/ce74
2022-01-08,The Fast and the Furious,2001,https://boxd.it/1XMu
2022-01-08,The Mummy Returns,2001,https://boxd.it/28cs
2022-01-08,City Lights,1931,https://boxd.it/29ki
2022-01-08,Memento,2000,https://boxd.it/2bcK
2022-01-08,Transformers: Age of Extinction,2014,https://boxd.it/3d1m
2022-01-08,Frozen,2013,https://boxd.it/3GNa
2022-01-08,White House Down,2013,https://boxd.it/3TOg
2022-01-08,Assassin's Creed,2016,https://boxd.it/41IK
2022-01-08,The Hobbit: The Battle of the Five Armies,2014,https://boxd.it/43aU
2022-01-08,"Batman: The Dark Knight Returns, Part 1",2012,https://boxd.it/43Is
2022-01-08,Before Midnight,2013,https://boxd.it/4ive
2022-01-08,Kung Fu Panda 3,2016,https://boxd.it/4uRQ
2022-01-08,"Batman: The Dark Knight Returns, Part 2",2013,https://boxd.it/4xzg
2022-01-08,Enemy,2013,https://boxd.it/5xtO
2022-01-08,22 Jump Street,2014,https://boxd.it/5Fvy
2022-01-08,Spectre,2015,https://boxd.it/6bXY
2022-01-08,Gone Girl,2014,https://boxd.it/6hQu
2022-01-08,Minions,2015,https://boxd.it/6jCO
2022-01-08,Fifty Shades of Grey,2015,https://boxd.it/6qLo
2022-01-08,San Andreas,2015,https://boxd.it/7sUa
2022-01-08,Spider-Man: Homecoming,2017,https://boxd.it/aboM
2022-01-08,Jumanji: Welcome to the Jungle,2017,https://boxd.it/bUeE
2022-01-08,Coco,2017,https://boxd.it/bYJQ
2022-01-08,Long Shot,2019,https://boxd.it/grG0
2022-01-08,Men in Black: International,2019,https://boxd.it/hdJw
2022-01-08,Kill Bill: Vol. 1,2003,https://boxd.it/70w
2022-01-08,Finding Nemo,2003,https://boxd.it/72i
2022-01-08,The Girl Next Door,2004,https://boxd.it/1VSq
2022-01-08,The Bourne Identity,2002,https://boxd.it/26EO
2022-01-08,Harry Potter and the Philosopher's Stone,2001,https://boxd.it/29QS
2022-01-08,Ice Age,2002,https://boxd.it/2apS
2022-01-08,Donnie Darko,2001,https://boxd.it/2b2A
2022-01-08,Spirited Away,2001,https://boxd.it/2b4m
2022-01-08,Avengers: Age of Ultron,2015,https://boxd.it/3qi6
2022-01-08,Star Wars: The Force Awakens,2015,https://boxd.it/4vru
2022-01-08,Resident Evil: The Final Chapter,2016,https://boxd.it/5lqS
2022-01-08,Mission: Impossible - Rogue Nation,2015,https://boxd.it/5rI4
2022-01-08,Star Wars: The Rise of Skywalker,2019,https://boxd.it/5xlK
2022-01-08,Star Wars: The Last Jedi,2017,https://boxd.it/5xme
2022-01-08,Birdman or (The Unexpected Virtue of Ignorance),2014,https://boxd.it/5RFA
2022-01-08,Gods of Egypt,2016,https://boxd.it/6aje
2022-01-08,Whiplash,2014,https://boxd.it/7bQA
2022-01-08,Taken 3,2014,https://boxd.it/7Iqq
2022-01-08,Ben-Hur,2016,https://boxd.it/8c24
2022-01-08,The Huntsman: Winter's War,2016,https://boxd.it/95wI
2022-01-08,Me Before You,2016,https://boxd.it/9n98
2022-01-08,Arrival,2016,https://boxd.it/aNGk
2022-01-08,The Magnificent Seven,2016,https://boxd.it/aZAy
2022-01-08,Justice League Dark,2017,https://boxd.it/en7G
2022-01-08,Jojo Rabbit,2019,https://boxd.it/iEBG
2022-01-08,X2,2003,https://boxd.it/1a7i
2022-01-08,Shaolin Soccer,2001,https://boxd.it/1T86
2022-01-08,Cowboy Bebop: The Movie,2001,https://boxd.it/1Uc4
2022-01-08,The Incredibles,2004,https://boxd.it/1XLm
2022-01-08,Final Destination 2,2003,https://boxd.it/1YSS
2022-01-08,Modern Times,1936,https://boxd.it/25MC
2022-01-08,Harry Potter and the Prisoner of Azkaban,2004,https://boxd.it/29Qy
2022-01-08,Harry Potter and the Chamber of Secrets,2002,https://boxd.it/29QI
2022-01-08,Spider-Man 2,2004,https://boxd.it/2a88
2022-01-08,Furious 7,2015,https://boxd.it/5cVs
2022-01-08,Justice League: The Flashpoint Paradox,2013,https://boxd.it/5yWW
2022-01-08,Batman v Superman: Dawn of Justice,2016,https://boxd.it/6fBW
2022-01-08,Locke,2013,https://boxd.it/6hHC
2022-01-08,The Interview,2014,https://boxd.it/6KQ4
2022-01-08,Spy,2015,https://boxd.it/71Ks
2022-01-08,Lucy,2014,https://boxd.it/75hu
2022-01-08,Nightcrawler,2014,https://boxd.it/780m
2022-01-08,John Wick,2014,https://boxd.it/7dEc
2022-01-08,Fantastic Beasts and Where to Find Them,2016,https://boxd.it/7FPC
2022-01-08,The Theory of Everything,2014,https://boxd.it/7YtA
2022-01-08,Now You See Me 2,2016,https://boxd.it/99fw
2022-01-08,Annihilation,2018,https://boxd.it/9yzm
2022-01-08,Creed,2015,https://boxd.it/a2qk
2022-01-08,Beauty and the Beast,2017,https://boxd.it/ar0c
2022-01-08,Crazy Rich Asians,2018,https://boxd.it/gfnK
2022-01-08,Eternal Sunshine of the Spotless Mind,2004,https://boxd.it/6YK
2022-01-08,Pirates of the Caribbean: The Curse of the Black Pearl,2003,https://boxd.it/70G
2022-01-08,The Lion King 1½,2004,https://boxd.it/1TRg
2022-01-08,Howl's Moving Castle,2004,https://boxd.it/23De
2022-01-08,"I, Robot",2004,https://boxd.it/27y8
2022-01-08,Resident Evil: Apocalypse,2004,https://boxd.it/28yS
2022-01-08,The Great Dictator,1940,https://boxd.it/29ic
2022-01-08,Harry Potter and the Goblet of Fire,2005,https://boxd.it/29Qo
2022-01-08,2 Fast 2 Furious,2003,https://boxd.it/2a4g
2022-01-08,Underworld,2003,https://boxd.it/2aHs
2022-01-08,Lost in Translation,2003,https://boxd.it/2b0E
2022-01-08,X-Men: Apocalypse,2016,https://boxd.it/7eJi
2022-01-08,The Lobster,2015,https://boxd.it/7tnw
2022-01-08,Incredibles 2,2018,https://boxd.it/7IPg
2022-01-08,Logan,2017,https://boxd.it/7Piy
2022-01-08,London Has Fallen,2016,https://boxd.it/814o
2022-01-08,Captain America: Civil War,2016,https://boxd.it/89Ja
2022-01-08,The Hateful Eight,2015,https://boxd.it/8gw8
2022-01-08,Ice Age: Collision Course,2016,https://boxd.it/8upq
2022-01-08,Thor: Ragnarok,2017,https://boxd.it/8MHi
2022-01-08,The Night Before,2015,https://boxd.it/9n9W
2022-01-08,Despicable Me 3,2017,https://boxd.it/azpu
2022-01-08,Little Women,2019,https://boxd.it/aSVk
2022-01-08,Transformers: The Last Knight,2017,https://boxd.it/b8xo
2022-01-08,Tolkien,2019,https://boxd.it/gM4G
2022-01-08,X-Men: The Last Stand,2006,https://boxd.it/1a5Q
2022-01-08,Casino Royale,2006,https://boxd.it/1alk
2022-01-08,Inglourious Basterds,2009,https://boxd.it/1JzG
2022-01-08,Anacondas: The Hunt for the Blood Orchid,2004,https://boxd.it/1Uic
2022-01-08,Mean Girls,2004,https://boxd.it/1VNg
2022-01-08,Kung Fu Hustle,2004,https://boxd.it/1YBi
2022-01-08,Ong Bak: Muay Thai Warrior,2003,https://boxd.it/1YZk
2022-01-08,The Machinist,2004,https://boxd.it/248c
2022-01-08,Ratatouille,2007,https://boxd.it/27ww
2022-01-08,Iron Man,2008,https://boxd.it/28dA
2022-01-08,Shaun of the Dead,2004,https://boxd.it/29J8
2022-01-08,Harry Potter and the Order of the Phoenix,2007,https://boxd.it/29Qe
2022-01-08,"The Chronicles of Narnia: The Lion, the Witch and the Wardrobe",2005,https://boxd.it/2ark
2022-01-08,Kill Bill: Vol. 2,2004,https://boxd.it/2au4
2022-01-08,Batman Begins,2005,https://boxd.it/2aIg
2022-01-08,Charlie and the Chocolate Factory,2005,https://boxd.it/2b68
2022-01-08,Before Sunset,2004,https://boxd.it/2bcg
2022-01-08,Pirates of the Caribbean: Dead Man's Chest,2006,https://boxd.it/2bfk
2022-01-08,Jurassic World,2015,https://boxd.it/4n0g
2022-01-08,The Martian,2015,https://boxd.it/8SeG
2022-01-08,La La Land,2016,https://boxd.it/a5fa
2022-01-08,Rogue One: A Star Wars Story,2016,https://boxd.it/aPvy
2022-01-08,Solo: A Star Wars Story,2018,https://boxd.it/bGWs
2022-01-08,Godzilla: King of the Monsters,2019,https://boxd.it/cY7Y
2022-01-08,Sonic the Hedgehog,2020,https://boxd.it/gdK8
2022-01-08,John Carter,2012,https://boxd.it/FQ2
2022-01-08,Real Steel,2011,https://boxd.it/147m
2022-01-08,Tangled,2010,https://boxd.it/15gO
2022-01-08,Watchmen,2009,https://boxd.it/1QE4
2022-01-08,Final Destination 3,2006,https://boxd.it/1Z40
2022-01-08,Resident Evil: Extinction,2007,https://boxd.it/20Oy
2022-01-08,Hot Fuzz,2007,https://boxd.it/2416
2022-01-08,The Golden Compass,2007,https://boxd.it/272Q
2022-01-08,Transformers,2007,https://boxd.it/280c
2022-01-08,The Departed,2006,https://boxd.it/28MA
2022-01-08,300,2006,https://boxd.it/28XI
2022-01-08,Underworld: Evolution,2006,https://boxd.it/29v6
2022-01-08,Harry Potter and the Half-Blood Prince,2009,https://boxd.it/29FU
2022-01-08,Spider-Man 3,2007,https://boxd.it/2a7Y
2022-01-08,Sin City,2005,https://boxd.it/2aVk
2022-01-08,Saw,2004,https://boxd.it/2aWW
2022-01-08,Guardians of the Galaxy Vol. 2,2017,https://boxd.it/8MxC
2022-01-08,Maze Runner: The Scorch Trials,2015,https://boxd.it/9hwA
2022-01-08,Avengers: Endgame,2019,https://boxd.it/9vE4
2022-01-08,Avengers: Infinity War,2018,https://boxd.it/9vEe
2022-01-08,Captain Marvel,2019,https://boxd.it/9vSA
2022-01-08,The Witch,2015,https://boxd.it/9X0m
2022-01-08,Fantastic Beasts: The Crimes of Grindelwald,2018,https://boxd.it/bg8G
2022-01-08,Baby Driver,2017,https://boxd.it/bhF2
2022-01-08,The Babysitter,2017,https://boxd.it/eP1w
2022-01-08,Scott Pilgrim vs. the World,2010,https://boxd.it/1Aq6
2022-01-08,Toy Story 3,2010,https://boxd.it/1WRe
2022-01-08,The Fast and the Furious: Tokyo Drift,2006,https://boxd.it/1Yeo
2022-01-08,Kung Fu Panda,2008,https://boxd.it/1Yws
2022-01-08,Eragon,2006,https://boxd.it/26Fs
2022-01-08,X-Men Origins: Wolverine,2009,https://boxd.it/27ug
2022-01-08,Zodiac,2007,https://boxd.it/27MO
2022-01-08,Captain America: The First Avenger,2011,https://boxd.it/28b0
2022-01-08,Pan's Labyrinth,2006,https://boxd.it/28No
2022-01-08,V for Vendetta,2005,https://boxd.it/29Ik
2022-01-08,Pirates of the Caribbean: At World's End,2007,https://boxd.it/2aGu
2022-01-08,Sin City: A Dame to Kill For,2014,https://boxd.it/2aV0
2022-01-08,Ice Age: The Meltdown,2006,https://boxd.it/2wRk
2022-01-08,Life of Pi,2012,https://boxd.it/37pC
2022-01-08,Shazam!,2019,https://boxd.it/8WBu
2022-01-08,Wonder Woman,2017,https://boxd.it/9roG
2022-01-08,John Wick: Chapter 2,2017,https://boxd.it/ayGu
2022-01-08,Spider-Man: Into the Spider-Verse,2018,https://boxd.it/azpY
2022-01-08,Neighbors 2: Sorority Rising,2016,https://boxd.it/aA80
2022-01-08,Frozen II,2019,https://boxd.it/aPvo
2022-01-08,Maze Runner: The Death Cure,2018,https://boxd.it/bakw
2022-01-08,The Fate of the Furious,2017,https://boxd.it/bbCw
2022-01-08,Nocturnal Animals,2016,https://boxd.it/bkFu
2022-01-08,Robin Hood,2018,https://boxd.it/d3bc
2022-01-08,Alita: Battle Angel,2019,https://boxd.it/e0rS
2022-01-08,Avatar,2009,https://boxd.it/1Efm
2022-01-08,Prince of Persia: The Sands of Time,2010,https://boxd.it/1YpQ
2022-01-08,Wanted,2008,https://boxd.it/1ZBS
2022-01-08,No Country for Old Men,2007,https://boxd.it/21ew
2022-01-08,Inkheart,2008,https://boxd.it/26XG
2022-01-08,The Prestige,2006,https://boxd.it/293w
2022-01-08,Psycho,1960,https://boxd.it/2ab2
2022-01-08,The Dark Knight,2008,https://boxd.it/2b0k
2022-01-08,Ant-Man,2015,https://boxd.it/3vmW
2022-01-08,Ex Machina,2015,https://boxd.it/7T2k
2022-01-08,Kevin Hart: What Now?,2016,https://boxd.it/biVq
2022-01-08,Jurassic World: Fallen Kingdom,2018,https://boxd.it/bOnU
2022-01-08,Mission: Impossible - Fallout,2018,https://boxd.it/bSVc
2022-01-08,Ant-Man and the Wasp,2018,https://boxd.it/cqUW
2022-01-08,John Mulaney: The Comeback Kid,2015,https://boxd.it/cK4w
2022-01-08,Dunkirk,2017,https://boxd.it/d0Y6
2022-01-08,The Favourite,2018,https://boxd.it/d2hI
2022-01-08,Moonlight,2016,https://boxd.it/d6bE
2022-01-08,Bo Burnham: Make Happy,2016,https://boxd.it/e436
2022-01-08,Get Out,2017,https://boxd.it/eOCm
2022-01-08,Maleficent: Mistress of Evil,2019,https://boxd.it/eSig
2022-01-08,Bumblebee,2018,https://boxd.it/f21O
2022-01-08,The Girl in the Spider's Web,2018,https://boxd.it/fUtW
2022-01-08,Charlie's Angels,2019,https://boxd.it/gogo
2022-01-08,Klaus,2019,https://boxd.it/ipoi
2022-01-08,The Graduate,1967,https://boxd.it/18Im
2022-01-08,The Tramp,1915,https://boxd.it/1k8K
2022-01-08,The Sound of Music,1965,https://boxd.it/1MLK
2022-01-08,For a Few Dollars More,1965,https://boxd.it/29eu
2022-01-08,"The Good, the Bad and the Ugly",1966,https://boxd.it/2ape
2022-01-08,A Fistful of Dollars,1964,https://boxd.it/2auo
2022-01-08,Terminator: Dark Fate,2019,https://boxd.it/96YI
2022-01-08,Dark Phoenix,2019,https://boxd.it/anyO
2022-01-08,Deadpool 2,2018,https://boxd.it/dlLM
2022-01-08,Train to Busan,2016,https://boxd.it/dSQU
2022-01-08,The Killing of a Sacred Deer,2017,https://boxd.it/dZ5G
2022-01-08,Insidious: The Last Key,2018,https://boxd.it/ej2C
2022-01-08,The Lion King,2019,https://boxd.it/eSjI
2022-01-08,A Ghost Story,2017,https://boxd.it/fb0K
2022-01-08,Spider-Man: Far From Home,2019,https://boxd.it/fegG
2022-01-08,Goosebumps 2: Haunted Halloween,2018,https://boxd.it/fIKc
2022-01-08,Pokémon Detective Pikachu,2019,https://boxd.it/fVA0
2022-01-08,The Angry Birds Movie 2,2019,https://boxd.it/gdL6
2022-01-08,John Wick: Chapter 3 - Parabellum,2019,https://boxd.it/gmFw
2022-01-08,Uncut Gems,2019,https://boxd.it/gXGc
2022-01-08,Creed II,2018,https://boxd.it/hgl8
2022-01-08,American Animals,2018,https://boxd.it/hE4K
2022-01-08,Doctor Sleep,2019,https://boxd.it/i5vI
2022-01-08,The Ballad of Buster Scruggs,2018,https://boxd.it/jB2q
2022-01-08,Hustlers,2019,https://boxd.it/jIBM
2022-01-08,Star Wars,1977,https://boxd.it/72s
2022-01-08,Man of Steel,2013,https://boxd.it/FRk
2022-01-08,Carrie,1976,https://boxd.it/20ZQ
2022-01-08,The Godfather: Part II,1974,https://boxd.it/2aNq
2022-01-08,The Godfather,1972,https://boxd.it/2aNK
2022-01-08,A Clockwork Orange,1971,https://boxd.it/2aVE
2022-01-08,Taxi Driver,1976,https://boxd.it/2b8y
2022-01-08,Fast & Furious Presents: Hobbs & Shaw,2019,https://boxd.it/dnDA
2022-01-08,Dave Chappelle: Deep in the Heart of Texas,2017,https://boxd.it/fPi0
2022-01-08,Dave Chappelle: The Age of Spin,2017,https://boxd.it/fPiu
2022-01-08,A Quiet Place,2018,https://boxd.it/fVJQ
2022-01-08,Us,2019,https://boxd.it/gnV6
2022-01-08,Wonder Woman 1984,2020,https://boxd.it/gBtA
2022-01-08,Once Upon a Time… in Hollywood,2019,https://boxd.it/gH0O
2022-01-08,It Chapter Two,2019,https://boxd.it/h10u
2022-01-08,Joker,2019,https://boxd.it/h4cS
2022-01-08,Searching,2018,https://boxd.it/hDPg
2022-01-08,Green Book,2018,https://boxd.it/hErk
2022-01-08,Marriage Story,2019,https://boxd.it/hJAw
2022-01-08,Birds of Prey (and the Fantabulous Emancipation of One Harley Quinn),2020,https://boxd.it/hSyO
2022-01-08,Parasite,2019,https://boxd.it/hTha
2022-01-08,The Devil All the Time,2020,https://boxd.it/i2tY
2022-01-08,Good Boys,2019,https://boxd.it/iW1G
2022-01-08,The Old Guard,2020,https://boxd.it/jY2e
2022-01-08,Game of Thrones: The Story So Far,2017,https://boxd.it/rIxc
2022-01-08,Drive,2011,https://boxd.it/IG
2022-01-08,Dracula Untold,2014,https://boxd.it/H4u
2022-01-08,Percy Jackson & the Olympians: The Lightning Thief,2010,https://boxd.it/1gJi
2022-01-08,Clash of the Titans,2010,https://boxd.it/1GfI
2022-01-08,Ong Bak 2,2008,https://boxd.it/1KhI
2022-01-08,Thor,2011,https://boxd.it/1WQU
2022-01-08,Friday the 13th Part 2,1981,https://boxd.it/1XXC
2022-01-08,Superbad,2007,https://boxd.it/20hO
2022-01-08,Friday the 13th,1980,https://boxd.it/24fs
2022-01-08,The Empire Strikes Back,1980,https://boxd.it/27Vw
2022-01-08,The Shining,1980,https://boxd.it/29Nu
2022-01-08,Raiders of the Lost Ark,1981,https://boxd.it/2bbs
2022-01-08,Warcraft,2016,https://boxd.it/2czK
2022-01-08,World War Z,2013,https://boxd.it/2p2E
2022-01-08,Halloween,1978,https://boxd.it/2wRu
2022-01-08,Interstellar,2014,https://boxd.it/4VZ8
2022-01-08,The Book Thief,2013,https://boxd.it/67wO
2022-01-08,Game of Thrones - Conquest & Rebellion: An Animated History of the Seven Kingdoms,2017,https://boxd.it/hKwg
2022-01-08,Hereditary,2018,https://boxd.it/hNVe
2022-01-08,Enola Holmes,2020,https://boxd.it/hX2o
2022-01-08,The Lighthouse,2019,https://boxd.it/icFU
2022-01-08,The King,2019,https://boxd.it/ieZs
2022-01-08,Jumanji: The Next Level,2019,https://boxd.it/ixu4
2022-01-08,John Mulaney: Kid Gorgeous at Radio City,2018,https://boxd.it/iTts
2022-01-08,Ready or Not,2019,https://boxd.it/kOf0
2022-01-08,The Hobbit: An Unexpected Journey,2012,https://boxd.it/GZk
2022-01-08,The Avengers,2012,https://boxd.it/1xFW
2022-01-08,Cloudy with a Chance of Meatballs,2009,https://boxd.it/1A40
2022-01-08,Underworld: Rise of the Lycans,2009,https://boxd.it/1RZs
2022-01-08,Step Brothers,2008,https://boxd.it/1SsE
2022-01-08,Quantum of Solace,2008,https://boxd.it/1Vs8
2022-01-08,Friday the 13th: The Final Chapter,1984,https://boxd.it/1XWO
2022-01-08,Friday the 13th Part III,1982,https://boxd.it/1XX8
2022-01-08,Ferris Bueller's Day Off,1986,https://boxd.it/1YPY
2022-01-08,Return of the Jedi,1983,https://boxd.it/27Vm
2022-01-08,The Mummy: Tomb of the Dragon Emperor,2008,https://boxd.it/28ci
2022-01-08,A Nightmare on Elm Street,1984,https://boxd.it/2aw0
2022-01-08,The Terminator,1984,https://boxd.it/2aQY
2022-01-08,Back to the Future,1985,https://boxd.it/2b8e
2022-01-08,Blade Runner,1982,https://boxd.it/2bcA
2022-01-08,Epic,2013,https://boxd.it/3SNm
2022-01-08,Godzilla,2014,https://boxd.it/47OE
2022-01-08,Vivarium,2019,https://boxd.it/gmVE
2022-01-08,Climax,2018,https://boxd.it/ikvo
2022-01-08,The Gentlemen,2019,https://boxd.it/iYBQ
2022-01-08,Hannah Gadsby: Nanette,2018,https://boxd.it/jfyE
2022-01-08,Midsommar,2019,https://boxd.it/jhxe
2022-01-08,1917,2019,https://boxd.it/jj4y
2022-01-08,Batman: Hush,2019,https://boxd.it/jyDI
2022-01-08,Knives Out,2019,https://boxd.it/jWEA
2022-01-08,The Sorcerer's Apprentice,2010,https://boxd.it/1sGg
2022-01-08,Robin Hood,2010,https://boxd.it/1D6o
2022-01-08,The Adventures of Tintin,2011,https://boxd.it/1Irc
2022-01-08,Grave of the Fireflies,1988,https://boxd.it/1RUM
2022-01-08,Harry Potter and the Deathly Hallows: Part 1,2010,https://boxd.it/1RYu
2022-01-08,Sherlock Holmes,2009,https://boxd.it/1W2A
2022-01-08,The Last Airbender,2010,https://boxd.it/1WQK
2022-01-08,Pineapple Express,2008,https://boxd.it/1WRS
2022-01-08,Hellraiser,1987,https://boxd.it/1Zpi
2022-01-08,Taken,2008,https://boxd.it/1ZXa
2022-01-08,The Amazing Spider-Man,2012,https://boxd.it/27PI
2022-01-08,Lethal Weapon,1987,https://boxd.it/29e0
2022-01-08,Home Alone,1990,https://boxd.it/29Fg
2022-01-08,GoodFellas,1990,https://boxd.it/29FA
2022-01-08,Die Hard,1988,https://boxd.it/2a7u
2022-01-08,The Godfather: Part III,1990,https://boxd.it/2aN6
2022-01-08,Dead Poets Society,1989,https://boxd.it/2aSg
2022-01-08,Back to the Future Part III,1990,https://boxd.it/2aTS
2022-01-08,Back to the Future Part II,1989,https://boxd.it/2aYI
2022-01-08,The Wolf of Wall Street,2013,https://boxd.it/3C1m
2022-01-08,Justice League,2017,https://boxd.it/4w68
2022-01-08,El Camino: A Breaking Bad Movie,2019,https://boxd.it/kv0q
2022-01-08,Black Mirror: Bandersnatch,2018,https://boxd.it/kTDG
2022-01-08,Da 5 Bloods,2020,https://boxd.it/lnXw
2022-01-08,Palm Springs,2020,https://boxd.it/lCXQ
2022-01-08,Shrek,2001,https://boxd.it/29zi
2022-01-08,Shrek 2,2004,https://boxd.it/29z8
2022-01-08,Lady Bird,2017,https://boxd.it/dGNE
2022-01-08,Fear(s) of the Dark,2008,https://boxd.it/1KJW
2022-01-08,Elf,2003,https://boxd.it/1VyK
2022-01-08,Under the Skin,2013,https://boxd.it/3mDa
2022-01-08,Pinocchio,1940,https://boxd.it/1V8C
2022-01-08,Angel's Egg,1985,https://boxd.it/1LeA
2022-01-08,The Power of the Dog,2021,https://boxd.it/m99E
2022-01-08,Tarzan,1999,https://boxd.it/18YO
2022-01-08,Enter the Void,2009,https://boxd.it/1dy2
2022-01-08,Coraline,2009,https://boxd.it/1NhQ
2022-01-08,Love,2015,https://boxd.it/9brE
2022-01-08,A Charlie Brown Christmas,1965,https://boxd.it/1QDq
2022-01-08,The Matrix Reloaded,2003,https://boxd.it/2a1c
2022-01-08,The Matrix Revolutions,2003,https://boxd.it/2a12
2022-01-08,The Matrix Resurrections,2021,https://boxd.it/n87k
2022-01-08,I Stand Alone,1998,https://boxd.it/28Au
2022-01-08,Irreversible,2002,https://boxd.it/29as
2022-01-08,Sinderella Live,1995,https://boxd.it/7pG
2022-01-08,Boobs in the Wood,1999,https://boxd.it/2AZi
2022-01-08,Evangelion: 1.0 You Are (Not) Alone,2007,https://boxd.it/1MKi
2022-01-08,Evangelion: 2.0 You Can (Not) Advance,2009,https://boxd.it/1zYm
2022-01-08,Evangelion: 3.0 You Can (Not) Redo,2012,https://boxd.it/2BwG
2022-01-08,Evangelion: 3.0+1.0 Thrice Upon a Time,2021,https://boxd.it/8LnQ
2022-01-08,Nymphomaniac: Vol. I,2013,https://boxd.it/7DiG
2022-01-08,Nymphomaniac: Vol. II,2013,https://boxd.it/7j9Y
2022-01-08,The Last Duel,2021,https://boxd.it/mQbe
2022-01-08,Venom: Let There Be Carnage,2021,https://boxd.it/llco
2022-01-08,Last Night in Soho,2021,https://boxd.it/lbJC
2022-01-08,Shang-Chi and the Legend of the Ten Rings,2021,https://boxd.it/kLDI
2022-01-08,Eternals,2021,https://boxd.it/j36o
2022-01-08,No Time to Die,2021,https://boxd.it/cPX2
2022-01-08,Léon: The Professional,1994,https://boxd.it/2b8S
2022-01-08,Army of Thieves,2021,https://boxd.it/tYai
2022-01-08,Army of the Dead,2021,https://boxd.it/ic7S
2022-01-08,Dune,2021,https://boxd.it/fA7G
2022-01-08,Green Room,2015,https://boxd.it/a75m
2022-01-08,Nomadland,2020,https://boxd.it/lnRy
2022-01-08,The Father,2020,https://boxd.it/m8Ie
2022-01-08,Saint Maud,2019,https://boxd.it/l8QA
2022-01-08,The Neon Demon,2016,https://boxd.it/9AnW
2022-01-08,Paprika,2006,https://boxd.it/23wW
2022-01-08,Sixteen Candles,1984,https://boxd.it/1MJk
2022-01-08,A Quiet Place Part II,2020,https://boxd.it/iTx0
2022-01-08,Breakfast at Tiffany's,1961,https://boxd.it/2aYS
2022-01-08,Free Guy,2021,https://boxd.it/k8dm
2022-01-08,Animal House,1978,https://boxd.it/2062
2022-01-08,Wet Hot American Summer,2001,https://boxd.it/27hw
2022-01-08,Fear Street: 1666,2021,https://boxd.it/lLBE
2022-01-08,Fear Street: 1994,2021,https://boxd.it/lLBk
2022-01-08,Fear Street: 1978,2021,https://boxd.it/lLBu
2022-01-08,The Purge,2013,https://boxd.it/4Xg0
2022-01-08,The Green Knight,2021,https://boxd.it/kuy2
2022-01-08,Career Opportunities,1991,https://boxd.it/1Ksw
2022-01-08,The Witcher: Nightmare of the Wolf,2021,https://boxd.it/oNDI
2022-01-08,Akira,1988,https://boxd.it/2b1i
2022-01-08,The Suicide Squad,2021,https://boxd.it/fw6O
2022-01-08,Night of the Living Dead,1968,https://boxd.it/1WwA
2022-01-08,F9,2021,https://boxd.it/dqsU
2022-01-08,The Tomorrow War,2021,https://boxd.it/lE78
2022-01-08,Sound of Metal,2019,https://boxd.it/i7Q4
2022-01-08,"Batman: The Long Halloween, Part One",2021,https://boxd.it/rCIe
2022-01-08,"Batman: The Long Halloween, Part Two",2021,https://boxd.it/rCI4
2022-01-08,The Notebook,2004,https://boxd.it/1UNE
2022-01-08,Dracula,1992,https://boxd.it/223a
2022-01-08,Black Widow,2021,https://boxd.it/hWV8
2022-01-08,American History X,1998,https://boxd.it/2bdo
2022-01-08,Gladiator,2000,https://boxd.it/2b9m
2022-01-08,The Breakfast Club,1985,https://boxd.it/27q4
2022-01-08,Friends: The Reunion,2021,https://boxd.it/pOQq
2022-01-08,"Crazy, Stupid, Love.",2011,https://boxd.it/D9A
2022-01-08,Bronson,2008,https://boxd.it/1GM8
2022-01-08,The Dreamers,2003,https://boxd.it/28X4
2022-01-08,Mortal Kombat,2021,https://boxd.it/gswA
2022-01-08,Mortal Kombat Legends: Scorpion's Revenge,2020,https://boxd.it/oJGS
2022-01-08,Mortal Kombat Legends: Battle of the Realms,2021,https://boxd.it/vKLo
2022-01-08,Source Code,2011,https://boxd.it/fdo
2022-01-08,Eraserhead,1977,https://boxd.it/299u
2022-01-08,Sucker Punch,2011,https://boxd.it/1yYg
2022-01-08,Zack Snyder's Justice League,2021,https://boxd.it/tLOk
2022-01-08,Ronny Chieng: Asian Comedian Destroys America!,2019,https://boxd.it/o8SC
2022-01-08,Berserk: The Golden Age Arc I - The Egg of the King,2012,https://boxd.it/3MLO
2022-01-08,Berserk: The Golden Age Arc II - The Battle for Doldrey,2012,https://boxd.it/3VWm
2022-01-08,Berserk: The Golden Age Arc III - The Advent,2013,https://boxd.it/4Bb8
2022-01-08,Perfect Blue,1997,https://boxd.it/1W7A
2022-01-08,Indiana Jones and the Last Crusade,1989,https://boxd.it/2baO
2022-01-08,Citizen Kane,1941,https://boxd.it/71O
2022-01-08,Amélie,2001,https://boxd.it/2aUc
2022-01-08,Spy Kids,2001,https://boxd.it/1Xcw
2022-01-08,The Adventures of Sharkboy and Lavagirl,2005,https://boxd.it/1Ozm
2022-01-08,Twilight,2008,https://boxd.it/1Zui
2022-01-08,The Twilight Saga: Breaking Dawn - Part 2,2012,https://boxd.it/DdC
2022-01-08,The Twilight Saga: Breaking Dawn - Part 1,2011,https://boxd.it/DdM
2022-01-08,The Twilight Saga: Eclipse,2010,https://boxd.it/1ytW
2022-01-08,The Twilight Saga: New Moon,2009,https://boxd.it/1Hj2
2022-01-08,2001: A Space Odyssey,1968,https://boxd.it/2bf0
2022-01-08,Suspiria,2018,https://boxd.it/cioI
2022-01-08,Suspiria,1977,https://boxd.it/1SNW
2022-01-08,The 36th Chamber of Shaolin,1978,https://boxd.it/1SXC
2022-01-08,Demolition,2015,https://boxd.it/9GuY
2022-01-08,Casino,1995,https://boxd.it/2ads
2022-01-08,Tenet,2020,https://boxd.it/leq4
2022-01-08,Chinatown,1974,https://boxd.it/29vU
2022-01-08,12 Angry Men,1957,https://boxd.it/2auI
2022-01-08,Mulholland Drive,2001,https://boxd.it/297o
2022-01-08,How to Lose Friends & Alienate People,2008,https://boxd.it/1QR8
2022-01-08,"Yes, God, Yes",2019,https://boxd.it/jaGS
2022-01-08,A Tale of Two Sisters,2003,https://boxd.it/248m
2022-01-08,The New Mutants,2020,https://boxd.it/bjle
2022-01-08,Three Colors: Red,1994,https://boxd.it/2b7q
2022-01-08,Three Colors: White,1994,https://boxd.it/2b7A
2022-01-08,Mr. Holmes,2015,https://boxd.it/8EBw
2022-01-08,Scouts Guide to the Zombie Apocalypse,2015,https://boxd.it/8i6Q
2022-01-08,Jaws,1975,https://boxd.it/2a5e
2022-01-08,Miss Peregrine's Home for Peculiar Children,2016,https://boxd.it/8KPu
2022-01-08,Piranha 3D,2010,https://boxd.it/U5q
2022-01-08,Lake Placid 3,2010,https://boxd.it/SXA
2022-01-08,Stuart Little,1999,https://boxd.it/1WZW
2022-01-08,Jobs,2013,https://boxd.it/3RcY
2022-01-09,The Evil Dead,1981,https://boxd.it/29Go
2022-01-11,Shiva Baby,2020,https://boxd.it/oIv0
2022-01-12,Evil Dead II,1987,https://boxd.it/29Ge
2022-01-13,Bo Burnham: Inside,2021,https://boxd.it/v2uy
2022-01-13,The Three Musketeers,2011,https://boxd.it/yXg
2022-01-20,"Salò, or the 120 Days of Sodom",1975,https://boxd.it/237s
2022-01-21,La Haine,1995,https://boxd.it/2as8
2022-01-21,The Tragedy of Macbeth,2021,https://boxd.it/lMi4
2022-01-22,Possession,1981,https://boxd.it/1BPm
2022-01-23,Hotel Transylvania 2,2015,https://boxd.it/4ZLk
2022-01-23,I Am Legend,2007,https://boxd.it/21DG
2022-01-26,Ringu,1998,https://boxd.it/26tw
2022-01-26,The Grudge,2004,https://boxd.it/27Jq
2022-01-26,The Grudge 2,2006,https://boxd.it/27IW
2022-01-26,Monty Python and the Holy Grail,1975,https://boxd.it/29GI
2022-01-30,The Wind Rises,2013,https://boxd.it/4JQS
2022-01-30,My Neighbor Totoro,1988,https://boxd.it/20eA
2022-01-31,Black Swan,2010,https://boxd.it/Sw0
2022-01-31,Shame,2011,https://boxd.it/2CxU
2022-02-03,Meet the Spartans,2008,https://boxd.it/213S
2022-02-04,Happy Feet,2006,https://boxd.it/1XH0
2022-02-04,Swiss Army Man,2016,https://boxd.it/bDG2
2022-02-05,Nightmare Alley,2021,https://boxd.it/m0HC
2022-02-06,Manchester by the Sea,2016,https://boxd.it/b2L0
2022-02-06,Fantastic Mr. Fox,2009,https://boxd.it/1WyQ
2022-02-09,Moebius,2013,https://boxd.it/6qce
2022-02-10,The Worst Person in the World,2021,https://boxd.it/oyws
2022-02-11,There Will Be Blood,2007,https://boxd.it/20Z2
2022-02-11,Sicario,2015,https://boxd.it/8i7u
2022-02-12,Fargo,1996,https://boxd.it/2aHM
2022-02-12,C'mon C'mon,2021,https://boxd.it/nrI0
2022-02-23,The French Dispatch,2021,https://boxd.it/jLP8
2022-02-24,Aliens,1986,https://boxd.it/29PA
2022-02-24,DOA: Dead or Alive,2006,https://boxd.it/1ZhI
2022-02-25,Black Candles,1982,https://boxd.it/1rTo
2022-02-26,"Faster, Pussycat! Kill! Kill!",1965,https://boxd.it/2aBO
2022-03-02,The Invitation,2015,https://boxd.it/9OUU
2022-03-03,Upgrade,2018,https://boxd.it/i4gW
2022-03-03,Titane,2021,https://boxd.it/nlQC
2022-03-05,The Batman,2022,https://boxd.it/eDGs
2022-03-06,Conan the Barbarian,1982,https://boxd.it/1YOm
2022-03-06,Conan the Destroyer,1984,https://boxd.it/1Yfc
2022-03-07,American Pie,1999,https://boxd.it/27qy
2022-03-07,Legally Blonde,2001,https://boxd.it/1ZNa
2022-03-07,The Dictator,2012,https://boxd.it/2DEW
2022-03-08,"Sherlock, Jr.",1924,https://boxd.it/298m
2022-03-08,The Florida Project,2017,https://boxd.it/dMG0
2022-03-08,Don't Breathe,2016,https://boxd.it/9yzw
2022-03-08,The Jungle Book,1967,https://boxd.it/1YY2
2022-03-10,13 Going on 30,2004,https://boxd.it/1X6e
2022-03-10,What We Do in the Shadows,2014,https://boxd.it/7eQy
2022-03-10,Constantine,2005,https://boxd.it/2a7E
2022-03-10,In Time,2011,https://boxd.it/FPS
2022-03-11,Teenage Mutant Ninja Turtles,2014,https://boxd.it/3oAs
2022-03-11,mother!,2017,https://boxd.it/dgRU
2022-03-11,Borat: Cultural Learnings of America for Make Benefit Glorious Nation of Kazakhstan,2006,https://boxd.it/2agQ
2022-03-12,Tucker and Dale vs. Evil,2010,https://boxd.it/Mce
2022-03-13,Clueless,1995,https://boxd.it/1Ygk
2022-03-16,EuroTrip,2004,https://boxd.it/1YTQ
2022-03-18,The Naked Gun: From the Files of Police Squad!,1988,https://boxd.it/18YE
2022-03-18,The Naked Gun 2½: The Smell of Fear,1991,https://boxd.it/18Yu
2022-03-18,Kiki's Delivery Service,1989,https://boxd.it/1JAY
2022-03-19,Naked Gun 33⅓: The Final Insult,1994,https://boxd.it/1afQ
2022-03-20,George Carlin: It's Bad for Ya!,2008,https://boxd.it/1PJs
2022-03-21,George Carlin: You Are All Diseased,1999,https://boxd.it/1dKW
2022-03-28,You Were Never Really Here,2017,https://boxd.it/dWOS
2022-03-29,George Carlin: Back in Town,1996,https://boxd.it/1dLA
2022-04-10,Twin Peaks: Fire Walk with Me,1992,https://boxd.it/27Qw
2022-04-14,Antichrist,2009,https://boxd.it/1Inu
2022-04-15,X,2022,https://boxd.it/sxVa
2022-04-17,It Follows,2014,https://boxd.it/87wo
2022-04-17,Raw,2016,https://boxd.it/dLd2
2022-04-18,The House That Jack Built,2018,https://boxd.it/dWO4
2022-04-22,Blue Velvet,1986,https://boxd.it/29BI
2022-04-22,It's Such a Beautiful Day,2012,https://boxd.it/hCY2
